,class,count,sum,aspect,elevation_below,year,percent_snow_cover,km2_snow,km2_all
0,225_1700,5538,0,225,1700,2017,0.0,0.0,55.38000000000001
1,45_2500,4676,11,45,2500,2017,0.0023524379811804,0.11,46.76000000000001
2,180_3400,166,37,180,3400,2017,0.2228915662650602,0.37,1.6600000000000004
3,135_2600,3802,6,135,2600,2017,0.0015781167806417,0.06,38.02000000000001
4,0_2900,2531,322,0,2900,2017,0.1272224417226392,3.2200000000000006,25.31000000000001
5,180_1900,6190,0,180,1900,2017,0.0,0.0,61.90000000000001
6,0_2100,6027,2,0,2100,2017,0.0003318400530944,0.02,60.27000000000001
7,90_2200,6087,1,90,2200,2017,0.0001642845408247,0.01,60.87000000000001
8,90_4500,0,0,90,4500,2017,,0.0,0.0
9,315_2300,6179,4,315,2300,2017,0.0006473539407671,0.04,61.79000000000001
10,270_2500,5218,3,270,2500,2017,0.0005749329244921,0.03,52.18000000000001
11,225_3200,634,79,225,3200,2017,0.1246056782334384,0.7900000000000001,6.340000000000002
12,270_4000,0,0,270,4000,2017,,0.0,0.0
13,225_2900,1838,27,225,2900,2017,0.014689880304679,0.2700000000000001,18.380000000000003
14,180_2300,4910,2,180,2300,2017,0.00040733197556,0.02,49.10000000000001
15,45_3600,9,5,45,3600,2017,0.5555555555555556,0.05,0.09
16,135_1500,59259,0,135,1500,2017,0.0,0.0,592.5900000000001
17,135_3800,1,0,135,3800,2017,0.0,0.0,0.01
18,0_1800,6962,0,0,1800,2017,0.0,0.0,69.62000000000002
19,90_1900,6982,0,90,1900,2017,0.0,0.0,69.82000000000001
20,135_3000,1384,53,135,3000,2017,0.0382947976878612,0.5300000000000001,13.840000000000003
21,0_3300,586,241,0,3300,2017,0.4112627986348123,2.4100000000000006,5.860000000000001
22,270_3700,5,1,270,3700,2017,0.2,0.01,0.05
23,90_3400,206,103,90,3400,2017,0.5,1.0300000000000002,2.0600000000000005
24,315_3500,72,40,315,3500,2017,0.5555555555555556,0.4000000000000001,0.7200000000000002
25,225_2100,4810,2,225,2100,2017,0.0004158004158004,0.02,48.10000000000001
26,225_3900,0,0,225,3900,2017,,0.0,0.0
27,45_2400,4792,7,45,2400,2017,0.0014607679465776,0.07,47.92000000000001
28,180_3300,429,94,180,3300,2017,0.2191142191142191,0.9400000000000002,4.290000000000001
29,180_1800,6640,0,180,1800,2017,0.0,0.0,66.40000000000002
30,0_2800,3238,173,0,2800,2017,0.0534280420012353,1.7300000000000004,32.38000000000001
31,135_4000,0,0,135,4000,2017,,0.0,0.0
32,135_2500,4361,4,135,2500,2017,0.0009172208209126,0.04,43.61000000000001
33,0_2000,6474,7,0,2000,2017,0.0010812480691998,0.07,64.74000000000001
34,90_2300,5643,4,90,2300,2017,0.0007088428141059,0.04,56.430000000000014
35,315_2200,6775,0,315,2200,2017,0.0,0.0,67.75000000000001
36,315_4500,0,0,315,4500,2017,,0.0,0.0
37,270_2400,5870,4,270,2400,2017,0.0006814310051107,0.04,58.70000000000001
38,225_1600,5779,0,225,1600,2017,0.0,0.0,57.79000000000001
39,225_3100,1007,108,225,3100,2017,0.1072492552135054,1.0800000000000003,10.070000000000002
40,225_2800,2465,10,225,2800,2017,0.0040567951318458,0.1,24.65000000000001
41,180_4500,0,0,180,4500,2017,,0.0,0.0
42,180_2200,5159,0,180,2200,2017,0.0,0.0,51.59000000000001
43,45_3500,63,27,45,3500,2017,0.4285714285714285,0.2700000000000001,0.6300000000000001
44,135_3700,5,4,135,3700,2017,0.8,0.04,0.05
45,0_1700,7320,0,0,1700,2017,0.0,0.0,73.20000000000002
46,90_3500,64,29,90,3500,2017,0.453125,0.29,0.6400000000000001
47,0_3200,1035,406,0,3200,2017,0.3922705314009662,4.0600000000000005,10.35
48,45_2300,5331,4,45,2300,2017,0.0007503282686175,0.04,53.31000000000001
49,315_3400,228,98,315,3400,2017,0.4298245614035088,0.9800000000000002,2.28
50,270_3600,6,3,270,3600,2017,0.5,0.03,0.06
51,225_2000,4969,2,225,2000,2017,0.0004024954719259,0.02,49.69000000000001
52,315_1900,7684,1,315,1900,2017,0.0001301405517959,0.01,76.84000000000002
53,45_2700,3600,65,45,2700,2017,0.0180555555555555,0.6500000000000001,36.00000000000001
54,225_1900,5318,0,225,1900,2017,0.0,0.0,53.18000000000001
55,135_2800,2477,14,135,2800,2017,0.0056519983851433,0.14,24.770000000000003
56,180_3600,14,2,180,3600,2017,0.1428571428571428,0.02,0.14
57,0_2700,3882,88,0,2700,2017,0.0226687274600721,0.8800000000000001,38.82000000000001
58,135_2000,6408,2,135,2000,2017,0.0003121098626716,0.02,64.08000000000001
59,90_2800,2628,26,90,2800,2017,0.0098934550989345,0.26,26.280000000000005
60,270_2700,3510,37,270,2700,2017,0.0105413105413105,0.37,35.10000000000001
61,315_4000,0,0,315,4000,2017,,0.0,0.0
62,90_2000,6674,3,90,2000,2017,0.0004495055439017,0.03,66.74000000000001
63,315_2500,4876,5,315,2500,2017,0.0010254306808859,0.05,48.76000000000001
64,45_3000,1749,301,45,3000,2017,0.1720983419096626,3.0100000000000007,17.490000000000002
65,225_3400,187,28,225,3400,2017,0.1497326203208556,0.28,1.8700000000000003
66,180_4000,0,0,180,4000,2017,,0.0,0.0
67,45_1500,51439,0,45,1500,2017,0.0,0.0,514.3900000000001
68,45_3800,0,0,45,3800,2017,,0.0,0.0
69,135_1700,7230,0,135,1700,2017,0.0,0.0,72.30000000000001
70,180_2500,3733,0,180,2500,2017,0.0,0.0,37.330000000000005
71,0_1600,7916,0,0,1600,2017,0.0,0.0,79.16000000000001
72,0_3900,0,0,0,3900,2017,,0.0,0.0
73,135_3200,775,159,135,3200,2017,0.2051612903225806,1.5900000000000003,7.750000000000002
74,270_1600,6992,0,270,1600,2017,0.0,0.0,69.92000000000002
75,90_1700,6826,0,90,1700,2017,0.0,0.0,68.26000000000002
76,0_3100,1406,439,0,3100,2017,0.3122332859174964,4.390000000000001,14.060000000000002
77,270_3900,0,0,270,3900,2017,,0.0,0.0
78,90_3200,897,252,90,3200,2017,0.2809364548494983,2.5200000000000005,8.970000000000002
79,315_3700,5,4,315,3700,2017,0.8,0.04,0.05
80,225_2300,4678,1,225,2300,2017,0.0002137665669089,0.01,46.78000000000001
81,270_3100,1147,209,270,3100,2017,0.1822144725370532,2.0900000000000003,11.470000000000002
82,225_1800,5458,0,225,1800,2017,0.0,0.0,54.58000000000001
83,45_2600,4047,41,45,2600,2017,0.0101309612058314,0.4100000000000001,40.470000000000006
84,0_2600,4177,34,0,2600,2017,0.0081398132631074,0.3400000000000001,41.77000000000001
85,180_3500,59,17,180,3500,2017,0.288135593220339,0.17,0.5900000000000001
86,135_2700,3038,11,135,2700,2017,0.0036208031599736,0.11,30.38000000000001
87,90_2900,2018,60,90,2900,2017,0.0297324083250743,0.6000000000000001,20.180000000000003
88,270_2600,4549,19,270,2600,2017,0.0041767421411299,0.19,45.49000000000001
89,90_2100,6391,1,90,2100,2017,0.0001564700359881,0.01,63.91000000000001
90,315_2400,5516,4,315,2400,2017,0.0007251631617113,0.04,55.16000000000001
91,225_3300,369,49,225,3300,2017,0.1327913279132791,0.4900000000000001,3.690000000000001
92,45_3700,2,1,45,3700,2017,0.5,0.01,0.02
93,0_1500,65981,0,0,1500,2017,0.0,0.0,659.8100000000002
94,180_2400,4275,4,180,2400,2017,0.0009356725146198,0.04,42.75000000000001
95,135_3900,0,0,135,3900,2017,,0.0,0.0
96,135_1600,7489,0,135,1600,2017,0.0,0.0,74.89000000000001
97,0_3800,0,0,0,3800,2017,,0.0,0.0
98,135_3100,1097,164,135,3100,2017,0.1494986326344576,1.6400000000000003,10.970000000000002
99,90_1800,6895,0,90,1800,2017,0.0,0.0,68.95000000000002
100,270_1500,50205,0,270,1500,2017,0.0,0.0,502.0500000000001
101,270_3800,3,3,270,3800,2017,1.0,0.03,0.03
102,90_3300,543,194,90,3300,2017,0.3572744014732965,1.9400000000000004,5.4300000000000015
103,0_3000,1980,448,0,3000,2017,0.2262626262626262,4.48,19.800000000000004
104,315_3600,16,4,315,3600,2017,0.25,0.04,0.16
105,270_3000,1616,165,270,3000,2017,0.1021039603960396,1.6500000000000004,16.160000000000004
106,45_4000,0,0,45,4000,2017,,0.0,0.0
107,225_4500,0,0,225,4500,2017,,0.0,0.0
108,225_2200,4853,0,225,2200,2017,0.0,0.0,48.53000000000001
109,45_2900,2271,208,45,2900,2017,0.0915896081021576,2.0800000000000005,22.710000000000004
110,180_3000,1313,74,180,3000,2017,0.0563594821020563,0.7400000000000001,13.130000000000004
111,0_2500,4419,10,0,2500,2017,0.0022629554197782,0.1,44.19000000000001
112,180_1500,59986,0,180,1500,2017,0.0,0.0,599.8600000000001
113,180_3800,0,0,180,3800,2017,,0.0,0.0
114,0_4000,0,0,0,4000,2017,,0.0,0.0
115,90_2600,3965,11,90,2600,2017,0.0027742749054224,0.11,39.650000000000006
116,135_2200,5791,0,135,2200,2017,0.0,0.0,57.91000000000001
117,135_4500,0,0,135,4500,2017,,0.0,0.0
118,270_2900,2202,71,270,2900,2017,0.0322434150772025,0.7100000000000002,22.020000000000003
119,225_3600,9,1,225,3600,2017,0.1111111111111111,0.01,0.09
120,45_3200,931,361,45,3200,2017,0.3877551020408163,3.6100000000000008,9.310000000000002
121,315_2700,3813,35,315,2700,2017,0.009179124049305,0.3500000000000001,38.13000000000001
122,270_2100,6600,2,270,2100,2017,0.0003030303030303,0.02,66.00000000000001
123,315_1600,8359,0,315,1600,2017,0.0,0.0,83.59000000000002
124,45_1700,6635,0,45,1700,2017,0.0,0.0,66.35000000000001
125,0_3700,6,4,0,3700,2017,0.6666666666666666,0.04,0.06
126,180_2700,2778,5,180,2700,2017,0.001799856011519,0.05,27.780000000000005
127,135_1900,6908,2,135,1900,2017,0.0002895193977996,0.02,69.08000000000001
128,270_1800,7185,0,270,1800,2017,0.0,0.0,71.85000000000001
129,225_4000,0,0,225,4000,2017,,0.0,0.0
130,90_1500,49138,0,90,1500,2017,0.0,0.0,491.3800000000001
131,90_3800,1,1,90,3800,2017,1.0,0.01,0.01
132,315_3100,1502,375,315,3100,2017,0.2496671105193076,3.750000000000001,15.020000000000003
133,135_3400,178,39,135,3400,2017,0.2191011235955056,0.39,1.7800000000000002
134,225_2500,4185,3,225,2500,2017,0.0007168458781362,0.03,41.85000000000001
135,270_3300,477,141,270,3300,2017,0.2955974842767295,1.4100000000000004,4.770000000000001
136,45_2000,6015,4,45,2000,2017,0.0006650041562759,0.04,60.15000000000001
137,90_3000,1535,149,90,3000,2017,0.0970684039087947,1.4900000000000002,15.350000000000003
138,315_3900,0,0,315,3900,2017,,0.0,0.0
139,45_2800,2875,113,45,2800,2017,0.0393043478260869,1.13,28.750000000000007
140,135_2900,1850,37,135,2900,2017,0.02,0.37,18.500000000000004
141,0_2400,4887,6,0,2400,2017,0.0012277470841006,0.06,48.87000000000001
142,180_3700,3,1,180,3700,2017,0.3333333333333333,0.01,0.03
143,135_2100,5999,1,135,2100,2017,0.0001666944490748,0.01,59.99000000000001
144,90_2700,3181,14,90,2700,2017,0.004401131719585,0.14,31.81000000000001
145,270_2800,2817,24,270,2800,2017,0.0085197018104366,0.24,28.170000000000005
146,225_3500,59,17,225,3500,2017,0.288135593220339,0.17,0.5900000000000001
147,45_3100,1432,370,45,3100,2017,0.2583798882681564,3.7000000000000006,14.320000000000002
148,315_2600,4238,12,315,2600,2017,0.0028315243039169,0.12,42.38000000000001
149,270_2000,6859,6,270,2000,2017,0.0008747630849978,0.06,68.59000000000002
150,315_1500,64359,0,315,1500,2017,0.0,0.0,643.5900000000001
151,45_3900,0,0,45,3900,2017,,0.0,0.0
152,45_1600,6683,0,45,1600,2017,0.0,0.0,66.83000000000001
153,135_1800,7094,0,135,1800,2017,0.0,0.0,70.94000000000001
154,0_3600,13,8,0,3600,2017,0.6153846153846154,0.08,0.13
155,180_2600,3292,5,180,2600,2017,0.0015188335358444,0.05,32.92000000000001
156,90_1600,6756,0,90,1600,2017,0.0,0.0,67.56000000000002
157,90_3900,0,0,90,3900,2017,,0.0,0.0
158,270_1700,7112,0,270,1700,2017,0.0,0.0,71.12000000000002
159,315_3000,1956,282,315,3000,2017,0.1441717791411043,2.8200000000000007,19.56
160,135_3300,415,117,135,3300,2017,0.2819277108433735,1.1700000000000002,4.150000000000001
161,90_3100,1274,264,90,3100,2017,0.2072213500784929,2.640000000000001,12.740000000000002
162,225_2400,4290,1,225,2400,2017,0.0002331002331002,0.01,42.900000000000006
163,315_3800,0,0,315,3800,2017,,0.0,0.0
164,270_3200,827,176,270,3200,2017,0.2128174123337363,1.7600000000000002,8.270000000000001
165,180_3200,694,118,180,3200,2017,0.170028818443804,1.1800000000000002,6.940000000000001
166,0_2300,5476,9,0,2300,2017,0.0016435354273192,0.09,54.76000000000001
167,180_1700,6925,0,180,1700,2017,0.0,0.0,69.25000000000001
168,225_3000,1344,71,225,3000,2017,0.0528273809523809,0.7100000000000002,13.440000000000005
169,90_2400,5069,2,90,2400,2017,0.0003945551390806,0.02,50.69000000000001
170,135_2400,4815,4,135,2400,2017,0.0008307372793354,0.04,48.15000000000001
171,315_2100,6963,4,315,2100,2017,0.0005744650294413,0.04,69.63000000000001
172,45_3400,235,116,45,3400,2017,0.4936170212765957,1.16,2.3500000000000005
173,270_2300,6233,0,270,2300,2017,0.0,0.0,62.33000000000001
174,225_1500,46006,0,225,1500,2017,0.0,0.0,460.0600000000001
175,225_3800,0,0,225,3800,2017,,0.0,0.0
176,315_2900,2481,123,315,2900,2017,0.0495767835550181,1.2300000000000002,24.81000000000001
177,315_1800,7739,0,315,1800,2017,0.0,0.0,77.39000000000001
178,45_1900,6281,0,45,1900,2017,0.0,0.0,62.81000000000001
179,180_2100,5619,0,180,2100,2017,0.0,0.0,56.19000000000001
180,0_3500,70,30,0,3500,2017,0.4285714285714285,0.3,0.7000000000000002
181,180_2900,1697,38,180,2900,2017,0.0223924572775486,0.38,16.970000000000002
182,90_3600,16,8,90,3600,2017,0.5,0.08,0.16
183,135_3600,7,2,135,3600,2017,0.2857142857142857,0.02,0.07
184,45_4500,0,0,45,4500,2017,,0.0,0.0
185,315_3300,603,219,315,3300,2017,0.36318407960199,2.1900000000000004,6.030000000000001
186,45_2200,5592,2,45,2200,2017,0.0003576537911301,0.02,55.92000000000001
187,225_2700,3236,20,225,2700,2017,0.0061804697156983,0.2,32.36000000000001
188,270_3500,50,13,270,3500,2017,0.26,0.13,0.5000000000000001
189,180_3100,939,85,180,3100,2017,0.0905218317358892,0.8500000000000002,9.390000000000002
190,180_1600,7358,0,180,1600,2017,0.0,0.0,73.58000000000001
191,0_4500,0,0,0,4500,2017,,0.0,0.0
192,180_3900,0,0,180,3900,2017,,0.0,0.0
193,0_2200,5614,3,0,2200,2017,0.0005343783398646,0.03,56.14000000000001
194,90_2500,4447,7,90,2500,2017,0.0015740948954351,0.07,44.470000000000006
195,315_2000,7244,5,315,2000,2017,0.0006902263942573,0.05,72.44000000000001
196,135_2300,5492,3,135,2300,2017,0.0005462490895848,0.03,54.92000000000001
197,270_2200,6373,1,270,2200,2017,0.0001569119723834,0.01,63.73000000000001
198,270_4500,0,0,270,4500,2017,,0.0,0.0
199,45_3300,524,201,45,3300,2017,0.383587786259542,2.01,5.240000000000001
200,90_4000,0,0,90,4000,2017,,0.0,0.0
201,225_3700,2,0,225,3700,2017,0.0,0.0,0.02
202,315_2800,3213,78,315,2800,2017,0.0242763772175536,0.7800000000000001,32.13000000000001
203,315_1700,8090,0,315,1700,2017,0.0,0.0,80.90000000000002
204,45_1800,6573,0,45,1800,2017,0.0,0.0,65.73000000000002
205,180_2000,6074,1,180,2000,2017,0.0001646361540994,0.01,60.74000000000001
206,0_3400,245,119,0,3400,2017,0.4857142857142857,1.1900000000000002,2.4500000000000006
207,0_1900,6671,0,0,1900,2017,0.0,0.0,66.71000000000001
208,180_2800,2162,9,180,2800,2017,0.0041628122109158,0.09,21.620000000000005
209,90_3700,7,3,90,3700,2017,0.4285714285714285,0.03,0.07
210,135_3500,60,27,135,3500,2017,0.45,0.2700000000000001,0.6000000000000001
211,270_1900,7123,1,270,1900,2017,0.0001403902849922,0.01,71.23000000000002
212,315_3200,1001,341,315,3200,2017,0.3406593406593406,3.4100000000000006,10.010000000000002
213,270_3400,189,67,270,3400,2017,0.3544973544973545,0.6700000000000002,1.8900000000000003
214,45_2100,5815,2,45,2100,2017,0.0003439380911435,0.02,58.15000000000001
215,225_2600,3790,16,225,2600,2017,0.004221635883905,0.16,37.900000000000006
216,225_1700,5538,0,225,1700,2018,0.0,0.0,55.38000000000001
217,45_2500,4676,3,45,2500,2018,0.0006415739948674,0.03,46.76000000000001
218,180_3400,166,44,180,3400,2018,0.2650602409638554,0.44,1.6600000000000004
219,135_2600,3802,4,135,2600,2018,0.0010520778537611,0.04,38.02000000000001
220,0_2900,2531,316,0,2900,2018,0.1248518372184907,3.1600000000000006,25.31000000000001
221,180_1900,6190,0,180,1900,2018,0.0,0.0,61.90000000000001
222,0_2100,6027,0,0,2100,2018,0.0,0.0,60.27000000000001
223,90_2200,6087,0,90,2200,2018,0.0,0.0,60.87000000000001
224,90_4500,0,0,90,4500,2018,,0.0,0.0
225,315_2300,6179,0,315,2300,2018,0.0,0.0,61.79000000000001
226,270_2500,5218,4,270,2500,2018,0.0007665772326561,0.04,52.18000000000001
227,225_3200,634,89,225,3200,2018,0.140378548895899,0.8900000000000001,6.340000000000002
228,270_4000,0,0,270,4000,2018,,0.0,0.0
229,225_2900,1838,25,225,2900,2018,0.0136017410228509,0.25,18.380000000000003
230,180_2300,4910,2,180,2300,2018,0.00040733197556,0.02,49.10000000000001
231,45_3600,9,6,45,3600,2018,0.6666666666666666,0.06,0.09
232,135_1500,59259,0,135,1500,2018,0.0,0.0,592.5900000000001
233,135_3800,1,0,135,3800,2018,0.0,0.0,0.01
234,0_1800,6962,0,0,1800,2018,0.0,0.0,69.62000000000002
235,90_1900,6982,1,90,1900,2018,0.0001432254368375,0.01,69.82000000000001
236,135_3000,1384,46,135,3000,2018,0.0332369942196531,0.4600000000000001,13.840000000000003
237,0_3300,586,223,0,3300,2018,0.3805460750853242,2.2300000000000004,5.860000000000001
238,270_3700,5,1,270,3700,2018,0.2,0.01,0.05
239,90_3400,206,89,90,3400,2018,0.4320388349514563,0.8900000000000001,2.0600000000000005
240,315_3500,72,23,315,3500,2018,0.3194444444444444,0.23,0.7200000000000002
241,225_2100,4810,0,225,2100,2018,0.0,0.0,48.10000000000001
242,225_3900,0,0,225,3900,2018,,0.0,0.0
243,45_2400,4792,12,45,2400,2018,0.0025041736227045,0.12,47.92000000000001
244,180_3300,429,90,180,3300,2018,0.2097902097902098,0.9000000000000001,4.290000000000001
245,180_1800,6640,0,180,1800,2018,0.0,0.0,66.40000000000002
246,0_2800,3238,167,0,2800,2018,0.0515750463248919,1.6700000000000004,32.38000000000001
247,135_4000,0,0,135,4000,2018,,0.0,0.0
248,135_2500,4361,6,135,2500,2018,0.0013758312313689,0.06,43.61000000000001
249,0_2000,6474,1,0,2000,2018,0.0001544640098856,0.01,64.74000000000001
250,90_2300,5643,3,90,2300,2018,0.0005316321105794,0.03,56.430000000000014
251,315_2200,6775,0,315,2200,2018,0.0,0.0,67.75000000000001
252,315_4500,0,0,315,4500,2018,,0.0,0.0
253,270_2400,5870,1,270,2400,2018,0.0001703577512776,0.01,58.70000000000001
254,225_1600,5779,0,225,1600,2018,0.0,0.0,57.79000000000001
255,225_3100,1007,97,225,3100,2018,0.096325719960278,0.9700000000000002,10.070000000000002
256,225_2800,2465,5,225,2800,2018,0.0020283975659229,0.05,24.65000000000001
257,180_4500,0,0,180,4500,2018,,0.0,0.0
258,180_2200,5159,0,180,2200,2018,0.0,0.0,51.59000000000001
259,45_3500,63,29,45,3500,2018,0.4603174603174603,0.29,0.6300000000000001
260,135_3700,5,4,135,3700,2018,0.8,0.04,0.05
261,0_1700,7320,0,0,1700,2018,0.0,0.0,73.20000000000002
262,90_3500,64,32,90,3500,2018,0.5,0.32,0.6400000000000001
263,0_3200,1035,383,0,3200,2018,0.370048309178744,3.830000000000001,10.35
264,45_2300,5331,4,45,2300,2018,0.0007503282686175,0.04,53.31000000000001
265,315_3400,228,72,315,3400,2018,0.3157894736842105,0.7200000000000002,2.28
266,270_3600,6,0,270,3600,2018,0.0,0.0,0.06
267,225_2000,4969,0,225,2000,2018,0.0,0.0,49.69000000000001
268,315_1900,7684,0,315,1900,2018,0.0,0.0,76.84000000000002
269,45_2700,3600,33,45,2700,2018,0.0091666666666666,0.33,36.00000000000001
270,225_1900,5318,0,225,1900,2018,0.0,0.0,53.18000000000001
271,135_2800,2477,7,135,2800,2018,0.0028259991925716,0.07,24.770000000000003
272,180_3600,14,1,180,3600,2018,0.0714285714285714,0.01,0.14
273,0_2700,3882,40,0,2700,2018,0.0103039670273055,0.4000000000000001,38.82000000000001
274,135_2000,6408,0,135,2000,2018,0.0,0.0,64.08000000000001
275,90_2800,2628,21,90,2800,2018,0.0079908675799086,0.21,26.280000000000005
276,270_2700,3510,10,270,2700,2018,0.0028490028490028,0.1,35.10000000000001
277,315_4000,0,0,315,4000,2018,,0.0,0.0
278,90_2000,6674,0,90,2000,2018,0.0,0.0,66.74000000000001
279,315_2500,4876,7,315,2500,2018,0.0014356029532403,0.07,48.76000000000001
280,45_3000,1749,274,45,3000,2018,0.1566609491137793,2.7400000000000007,17.490000000000002
281,225_3400,187,25,225,3400,2018,0.1336898395721925,0.25,1.8700000000000003
282,180_4000,0,0,180,4000,2018,,0.0,0.0
283,45_1500,51439,0,45,1500,2018,0.0,0.0,514.3900000000001
284,45_3800,0,0,45,3800,2018,,0.0,0.0
285,135_1700,7230,1,135,1700,2018,0.0001383125864453,0.01,72.30000000000001
286,180_2500,3733,5,180,2500,2018,0.001339405304045,0.05,37.330000000000005
287,0_1600,7916,3,0,1600,2018,0.0003789792824658,0.03,79.16000000000001
288,0_3900,0,0,0,3900,2018,,0.0,0.0
289,135_3200,775,186,135,3200,2018,0.24,1.8600000000000003,7.750000000000002
290,270_1600,6992,0,270,1600,2018,0.0,0.0,69.92000000000002
291,90_1700,6826,0,90,1700,2018,0.0,0.0,68.26000000000002
292,0_3100,1406,418,0,3100,2018,0.2972972972972973,4.180000000000001,14.060000000000002
293,270_3900,0,0,270,3900,2018,,0.0,0.0
294,90_3200,897,250,90,3200,2018,0.2787068004459309,2.5000000000000004,8.970000000000002
295,315_3700,5,2,315,3700,2018,0.4,0.02,0.05
296,225_2300,4678,1,225,2300,2018,0.0002137665669089,0.01,46.78000000000001
297,270_3100,1147,191,270,3100,2018,0.1665213600697471,1.9100000000000004,11.470000000000002
298,225_1800,5458,0,225,1800,2018,0.0,0.0,54.58000000000001
299,45_2600,4047,5,45,2600,2018,0.0012354830738818,0.05,40.470000000000006
300,0_2600,4177,14,0,2600,2018,0.0033516878142207,0.14,41.77000000000001
301,180_3500,59,24,180,3500,2018,0.4067796610169492,0.24,0.5900000000000001
302,135_2700,3038,8,135,2700,2018,0.0026333113890717,0.08,30.38000000000001
303,90_2900,2018,60,90,2900,2018,0.0297324083250743,0.6000000000000001,20.180000000000003
304,270_2600,4549,2,270,2600,2018,0.0004396570674873,0.02,45.49000000000001
305,90_2100,6391,0,90,2100,2018,0.0,0.0,63.91000000000001
306,315_2400,5516,3,315,2400,2018,0.0005438723712835,0.03,55.16000000000001
307,225_3300,369,72,225,3300,2018,0.1951219512195122,0.7200000000000002,3.690000000000001
308,45_3700,2,1,45,3700,2018,0.5,0.01,0.02
309,0_1500,65981,0,0,1500,2018,0.0,0.0,659.8100000000002
310,180_2400,4275,4,180,2400,2018,0.0009356725146198,0.04,42.75000000000001
311,135_3900,0,0,135,3900,2018,,0.0,0.0
312,135_1600,7489,0,135,1600,2018,0.0,0.0,74.89000000000001
313,0_3800,0,0,0,3800,2018,,0.0,0.0
314,135_3100,1097,144,135,3100,2018,0.1312670920692798,1.4400000000000004,10.970000000000002
315,90_1800,6895,0,90,1800,2018,0.0,0.0,68.95000000000002
316,270_1500,50205,0,270,1500,2018,0.0,0.0,502.0500000000001
317,270_3800,3,2,270,3800,2018,0.6666666666666666,0.02,0.03
318,90_3300,543,181,90,3300,2018,0.3333333333333333,1.8100000000000005,5.4300000000000015
319,0_3000,1980,469,0,3000,2018,0.2368686868686868,4.690000000000001,19.800000000000004
320,315_3600,16,8,315,3600,2018,0.5,0.08,0.16
321,270_3000,1616,164,270,3000,2018,0.1014851485148514,1.6400000000000003,16.160000000000004
322,45_4000,0,0,45,4000,2018,,0.0,0.0
323,225_4500,0,0,225,4500,2018,,0.0,0.0
324,225_2200,4853,0,225,2200,2018,0.0,0.0,48.53000000000001
325,45_2900,2271,219,45,2900,2018,0.0964332892998679,2.1900000000000004,22.710000000000004
326,180_3000,1313,67,180,3000,2018,0.051028179741051,0.6700000000000002,13.130000000000004
327,0_2500,4419,8,0,2500,2018,0.0018103643358225,0.08,44.19000000000001
328,180_1500,59986,0,180,1500,2018,0.0,0.0,599.8600000000001
329,180_3800,0,0,180,3800,2018,,0.0,0.0
330,0_4000,0,0,0,4000,2018,,0.0,0.0
331,90_2600,3965,6,90,2600,2018,0.0015132408575031,0.06,39.650000000000006
332,135_2200,5791,0,135,2200,2018,0.0,0.0,57.91000000000001
333,135_4500,0,0,135,4500,2018,,0.0,0.0
334,270_2900,2202,81,270,2900,2018,0.0367847411444141,0.8100000000000002,22.020000000000003
335,225_3600,9,2,225,3600,2018,0.2222222222222222,0.02,0.09
336,45_3200,931,329,45,3200,2018,0.3533834586466165,3.2900000000000005,9.310000000000002
337,315_2700,3813,17,315,2700,2018,0.004458431681091,0.17,38.13000000000001
338,270_2100,6600,0,270,2100,2018,0.0,0.0,66.00000000000001
339,315_1600,8359,1,315,1600,2018,0.0001196315348725,0.01,83.59000000000002
340,45_1700,6635,0,45,1700,2018,0.0,0.0,66.35000000000001
341,0_3700,6,1,0,3700,2018,0.1666666666666666,0.01,0.06
342,180_2700,2778,2,180,2700,2018,0.0007199424046076,0.02,27.780000000000005
343,135_1900,6908,1,135,1900,2018,0.0001447596988998,0.01,69.08000000000001
344,270_1800,7185,0,270,1800,2018,0.0,0.0,71.85000000000001
345,225_4000,0,0,225,4000,2018,,0.0,0.0
346,90_1500,49138,0,90,1500,2018,0.0,0.0,491.3800000000001
347,90_3800,1,0,90,3800,2018,0.0,0.0,0.01
348,315_3100,1502,350,315,3100,2018,0.233022636484687,3.500000000000001,15.020000000000003
349,135_3400,178,49,135,3400,2018,0.2752808988764045,0.4900000000000001,1.7800000000000002
350,225_2500,4185,6,225,2500,2018,0.0014336917562724,0.06,41.85000000000001
351,270_3300,477,132,270,3300,2018,0.2767295597484276,1.3200000000000005,4.770000000000001
352,45_2000,6015,0,45,2000,2018,0.0,0.0,60.15000000000001
353,90_3000,1535,152,90,3000,2018,0.0990228013029315,1.5200000000000002,15.350000000000003
354,315_3900,0,0,315,3900,2018,,0.0,0.0
355,45_2800,2875,121,45,2800,2018,0.0420869565217391,1.2100000000000002,28.750000000000007
356,135_2900,1850,32,135,2900,2018,0.0172972972972972,0.32,18.500000000000004
357,0_2400,4887,7,0,2400,2018,0.0014323715981174,0.07,48.87000000000001
358,180_3700,3,1,180,3700,2018,0.3333333333333333,0.01,0.03
359,135_2100,5999,0,135,2100,2018,0.0,0.0,59.99000000000001
360,90_2700,3181,10,90,2700,2018,0.0031436655139893,0.1,31.81000000000001
361,270_2800,2817,18,270,2800,2018,0.0063897763578274,0.18,28.170000000000005
362,225_3500,59,17,225,3500,2018,0.288135593220339,0.17,0.5900000000000001
363,45_3100,1432,324,45,3100,2018,0.2262569832402234,3.2400000000000007,14.320000000000002
364,315_2600,4238,6,315,2600,2018,0.0014157621519584,0.06,42.38000000000001
365,270_2000,6859,0,270,2000,2018,0.0,0.0,68.59000000000002
366,315_1500,64359,0,315,1500,2018,0.0,0.0,643.5900000000001
367,45_3900,0,0,45,3900,2018,,0.0,0.0
368,45_1600,6683,1,45,1600,2018,0.0001496333981744,0.01,66.83000000000001
369,135_1800,7094,0,135,1800,2018,0.0,0.0,70.94000000000001
370,0_3600,13,9,0,3600,2018,0.6923076923076923,0.09,0.13
371,180_2600,3292,10,180,2600,2018,0.0030376670716889,0.1,32.92000000000001
372,90_1600,6756,0,90,1600,2018,0.0,0.0,67.56000000000002
373,90_3900,0,0,90,3900,2018,,0.0,0.0
374,270_1700,7112,0,270,1700,2018,0.0,0.0,71.12000000000002
375,315_3000,1956,268,315,3000,2018,0.1370143149284253,2.6800000000000006,19.56
376,135_3300,415,117,135,3300,2018,0.2819277108433735,1.1700000000000002,4.150000000000001
377,90_3100,1274,251,90,3100,2018,0.1970172684458399,2.5100000000000007,12.740000000000002
378,225_2400,4290,3,225,2400,2018,0.0006993006993006,0.03,42.900000000000006
379,315_3800,0,0,315,3800,2018,,0.0,0.0
380,270_3200,827,180,270,3200,2018,0.2176541717049576,1.8000000000000005,8.270000000000001
381,180_3200,694,117,180,3200,2018,0.1685878962536023,1.1700000000000002,6.940000000000001
382,0_2300,5476,3,0,2300,2018,0.0005478451424397,0.03,54.76000000000001
383,180_1700,6925,0,180,1700,2018,0.0,0.0,69.25000000000001
384,225_3000,1344,63,225,3000,2018,0.046875,0.6300000000000001,13.440000000000005
385,90_2400,5069,3,90,2400,2018,0.000591832708621,0.03,50.69000000000001
386,135_2400,4815,5,135,2400,2018,0.0010384215991692,0.05,48.15000000000001
387,315_2100,6963,0,315,2100,2018,0.0,0.0,69.63000000000001
388,45_3400,235,111,45,3400,2018,0.4723404255319149,1.1100000000000003,2.3500000000000005
389,270_2300,6233,0,270,2300,2018,0.0,0.0,62.33000000000001
390,225_1500,46006,0,225,1500,2018,0.0,0.0,460.0600000000001
391,225_3800,0,0,225,3800,2018,,0.0,0.0
392,315_2900,2481,139,315,2900,2018,0.0560257960499798,1.3900000000000003,24.81000000000001
393,315_1800,7739,0,315,1800,2018,0.0,0.0,77.39000000000001
394,45_1900,6281,0,45,1900,2018,0.0,0.0,62.81000000000001
395,180_2100,5619,0,180,2100,2018,0.0,0.0,56.19000000000001
396,0_3500,70,22,0,3500,2018,0.3142857142857143,0.22,0.7000000000000002
397,180_2900,1697,24,180,2900,2018,0.0141426045963464,0.24,16.970000000000002
398,90_3600,16,7,90,3600,2018,0.4375,0.07,0.16
399,135_3600,7,2,135,3600,2018,0.2857142857142857,0.02,0.07
400,45_4500,0,0,45,4500,2018,,0.0,0.0
401,315_3300,603,200,315,3300,2018,0.3316749585406301,2.0000000000000004,6.030000000000001
402,45_2200,5592,0,45,2200,2018,0.0,0.0,55.92000000000001
403,225_2700,3236,3,225,2700,2018,0.0009270704573547,0.03,32.36000000000001
404,270_3500,50,6,270,3500,2018,0.12,0.06,0.5000000000000001
405,180_3100,939,87,180,3100,2018,0.0926517571884984,0.8700000000000002,9.390000000000002
406,180_1600,7358,0,180,1600,2018,0.0,0.0,73.58000000000001
407,0_4500,0,0,0,4500,2018,,0.0,0.0
408,180_3900,0,0,180,3900,2018,,0.0,0.0
409,0_2200,5614,0,0,2200,2018,0.0,0.0,56.14000000000001
410,90_2500,4447,3,90,2500,2018,0.0006746120980436,0.03,44.470000000000006
411,315_2000,7244,0,315,2000,2018,0.0,0.0,72.44000000000001
412,135_2300,5492,4,135,2300,2018,0.0007283321194464,0.04,54.92000000000001
413,270_2200,6373,0,270,2200,2018,0.0,0.0,63.73000000000001
414,270_4500,0,0,270,4500,2018,,0.0,0.0
415,45_3300,524,172,45,3300,2018,0.3282442748091603,1.7200000000000004,5.240000000000001
416,90_4000,0,0,90,4000,2018,,0.0,0.0
417,225_3700,2,0,225,3700,2018,0.0,0.0,0.02
418,315_2800,3213,68,315,2800,2018,0.0211640211640211,0.6800000000000002,32.13000000000001
419,315_1700,8090,0,315,1700,2018,0.0,0.0,80.90000000000002
420,45_1800,6573,0,45,1800,2018,0.0,0.0,65.73000000000002
421,180_2000,6074,0,180,2000,2018,0.0,0.0,60.74000000000001
422,0_3400,245,95,0,3400,2018,0.3877551020408163,0.9500000000000002,2.4500000000000006
423,0_1900,6671,0,0,1900,2018,0.0,0.0,66.71000000000001
424,180_2800,2162,3,180,2800,2018,0.0013876040703052,0.03,21.620000000000005
425,90_3700,7,3,90,3700,2018,0.4285714285714285,0.03,0.07
426,135_3500,60,31,135,3500,2018,0.5166666666666667,0.31,0.6000000000000001
427,270_1900,7123,0,270,1900,2018,0.0,0.0,71.23000000000002
428,315_3200,1001,280,315,3200,2018,0.2797202797202797,2.8000000000000007,10.010000000000002
429,270_3400,189,59,270,3400,2018,0.3121693121693121,0.5900000000000001,1.8900000000000003
430,45_2100,5815,0,45,2100,2018,0.0,0.0,58.15000000000001
431,225_2600,3790,0,225,2600,2018,0.0,0.0,37.900000000000006
432,225_1700,5538,0,225,1700,2019,0.0,0.0,55.38000000000001
433,45_2500,4676,5,45,2500,2019,0.0010692899914456,0.05,46.76000000000001
434,180_3400,166,47,180,3400,2019,0.2831325301204819,0.4700000000000001,1.6600000000000004
435,135_2600,3802,3,135,2600,2019,0.0007890583903208,0.03,38.02000000000001
436,0_2900,2531,572,0,2900,2019,0.2259976293954958,5.7200000000000015,25.31000000000001
437,180_1900,6190,0,180,1900,2019,0.0,0.0,61.90000000000001
438,0_2100,6027,0,0,2100,2019,0.0,0.0,60.27000000000001
439,90_2200,6087,0,90,2200,2019,0.0,0.0,60.87000000000001
440,90_4500,0,0,90,4500,2019,,0.0,0.0
441,315_2300,6179,0,315,2300,2019,0.0,0.0,61.79000000000001
442,270_2500,5218,0,270,2500,2019,0.0,0.0,52.18000000000001
443,225_3200,634,148,225,3200,2019,0.2334384858044164,1.4800000000000002,6.340000000000002
444,270_4000,0,0,270,4000,2019,,0.0,0.0
445,225_2900,1838,45,225,2900,2019,0.0244831338411316,0.45,18.380000000000003
446,180_2300,4910,0,180,2300,2019,0.0,0.0,49.10000000000001
447,45_3600,9,6,45,3600,2019,0.6666666666666666,0.06,0.09
448,135_1500,59259,0,135,1500,2019,0.0,0.0,592.5900000000001
449,135_3800,1,0,135,3800,2019,0.0,0.0,0.01
450,0_1800,6962,0,0,1800,2019,0.0,0.0,69.62000000000002
451,90_1900,6982,0,90,1900,2019,0.0,0.0,69.82000000000001
452,135_3000,1384,84,135,3000,2019,0.0606936416184971,0.8400000000000002,13.840000000000003
453,0_3300,586,321,0,3300,2019,0.5477815699658704,3.2100000000000004,5.860000000000001
454,270_3700,5,1,270,3700,2019,0.2,0.01,0.05
455,90_3400,206,114,90,3400,2019,0.5533980582524272,1.14,2.0600000000000005
456,315_3500,72,42,315,3500,2019,0.5833333333333334,0.4200000000000001,0.7200000000000002
457,225_2100,4810,0,225,2100,2019,0.0,0.0,48.10000000000001
458,225_3900,0,0,225,3900,2019,,0.0,0.0
459,45_2400,4792,2,45,2400,2019,0.0004173622704507,0.02,47.92000000000001
460,180_3300,429,131,180,3300,2019,0.3053613053613053,1.3100000000000005,4.290000000000001
461,180_1800,6640,0,180,1800,2019,0.0,0.0,66.40000000000002
462,0_2800,3238,343,0,2800,2019,0.1059295861642989,3.4300000000000006,32.38000000000001
463,135_4000,0,0,135,4000,2019,,0.0,0.0
464,135_2500,4361,3,135,2500,2019,0.0006879156156844,0.03,43.61000000000001
465,0_2000,6474,0,0,2000,2019,0.0,0.0,64.74000000000001
466,90_2300,5643,0,90,2300,2019,0.0,0.0,56.430000000000014
467,315_2200,6775,0,315,2200,2019,0.0,0.0,67.75000000000001
468,315_4500,0,0,315,4500,2019,,0.0,0.0
469,270_2400,5870,0,270,2400,2019,0.0,0.0,58.70000000000001
470,225_1600,5779,0,225,1600,2019,0.0,0.0,57.79000000000001
471,225_3100,1007,174,225,3100,2019,0.1727904667328699,1.7400000000000004,10.070000000000002
472,225_2800,2465,21,225,2800,2019,0.0085192697768762,0.21,24.65000000000001
473,180_4500,0,0,180,4500,2019,,0.0,0.0
474,180_2200,5159,0,180,2200,2019,0.0,0.0,51.59000000000001
475,45_3500,63,35,45,3500,2019,0.5555555555555556,0.3500000000000001,0.6300000000000001
476,135_3700,5,4,135,3700,2019,0.8,0.04,0.05
477,0_1700,7320,0,0,1700,2019,0.0,0.0,73.20000000000002
478,90_3500,64,34,90,3500,2019,0.53125,0.3400000000000001,0.6400000000000001
479,0_3200,1035,593,0,3200,2019,0.5729468599033817,5.9300000000000015,10.35
480,45_2300,5331,1,45,2300,2019,0.0001875820671543,0.01,53.31000000000001
481,315_3400,228,116,315,3400,2019,0.5087719298245614,1.16,2.28
482,270_3600,6,4,270,3600,2019,0.6666666666666666,0.04,0.06
483,225_2000,4969,0,225,2000,2019,0.0,0.0,49.69000000000001
484,315_1900,7684,0,315,1900,2019,0.0,0.0,76.84000000000002
485,45_2700,3600,87,45,2700,2019,0.0241666666666666,0.8700000000000002,36.00000000000001
486,225_1900,5318,0,225,1900,2019,0.0,0.0,53.18000000000001
487,135_2800,2477,15,135,2800,2019,0.0060557125555106,0.15,24.770000000000003
488,180_3600,14,3,180,3600,2019,0.2142857142857142,0.03,0.14
489,0_2700,3882,101,0,2700,2019,0.0260175167439464,1.0100000000000002,38.82000000000001
490,135_2000,6408,0,135,2000,2019,0.0,0.0,64.08000000000001
491,90_2800,2628,62,90,2800,2019,0.0235920852359208,0.6200000000000001,26.280000000000005
492,270_2700,3510,20,270,2700,2019,0.0056980056980056,0.2,35.10000000000001
493,315_4000,0,0,315,4000,2019,,0.0,0.0
494,90_2000,6674,1,90,2000,2019,0.0001498351813005,0.01,66.74000000000001
495,315_2500,4876,1,315,2500,2019,0.0002050861361771,0.01,48.76000000000001
496,45_3000,1749,523,45,3000,2019,0.2990280160091481,5.230000000000001,17.490000000000002
497,225_3400,187,41,225,3400,2019,0.2192513368983957,0.4100000000000001,1.8700000000000003
498,180_4000,0,0,180,4000,2019,,0.0,0.0
499,45_1500,51439,0,45,1500,2019,0.0,0.0,514.3900000000001
500,45_3800,0,0,45,3800,2019,,0.0,0.0
501,135_1700,7230,0,135,1700,2019,0.0,0.0,72.30000000000001
502,180_2500,3733,1,180,2500,2019,0.000267881060809,0.01,37.330000000000005
503,0_1600,7916,0,0,1600,2019,0.0,0.0,79.16000000000001
504,0_3900,0,0,0,3900,2019,,0.0,0.0
505,135_3200,775,313,135,3200,2019,0.4038709677419355,3.130000000000001,7.750000000000002
506,270_1600,6992,0,270,1600,2019,0.0,0.0,69.92000000000002
507,90_1700,6826,0,90,1700,2019,0.0,0.0,68.26000000000002
508,0_3100,1406,728,0,3100,2019,0.5177809388335705,7.280000000000001,14.060000000000002
509,270_3900,0,0,270,3900,2019,,0.0,0.0
510,90_3200,897,404,90,3200,2019,0.4503901895206243,4.040000000000001,8.970000000000002
511,315_3700,5,3,315,3700,2019,0.6,0.03,0.05
512,225_2300,4678,2,225,2300,2019,0.0004275331338178,0.02,46.78000000000001
513,270_3100,1147,353,270,3100,2019,0.3077593722755013,3.5300000000000007,11.470000000000002
514,225_1800,5458,0,225,1800,2019,0.0,0.0,54.58000000000001
515,45_2600,4047,22,45,2600,2019,0.0054361255250803,0.22,40.470000000000006
516,0_2600,4177,18,0,2600,2019,0.004309312903998,0.18,41.77000000000001
517,180_3500,59,22,180,3500,2019,0.3728813559322034,0.22,0.5900000000000001
518,135_2700,3038,12,135,2700,2019,0.0039499670836076,0.12,30.38000000000001
519,90_2900,2018,125,90,2900,2019,0.0619425173439048,1.2500000000000002,20.180000000000003
520,270_2600,4549,5,270,2600,2019,0.0010991426687183,0.05,45.49000000000001
521,90_2100,6391,0,90,2100,2019,0.0,0.0,63.91000000000001
522,315_2400,5516,2,315,2400,2019,0.0003625815808556,0.02,55.16000000000001
523,225_3300,369,98,225,3300,2019,0.2655826558265582,0.9800000000000002,3.690000000000001
524,45_3700,2,1,45,3700,2019,0.5,0.01,0.02
525,0_1500,65981,0,0,1500,2019,0.0,0.0,659.8100000000002
526,180_2400,4275,2,180,2400,2019,0.0004678362573099,0.02,42.75000000000001
527,135_3900,0,0,135,3900,2019,,0.0,0.0
528,135_1600,7489,0,135,1600,2019,0.0,0.0,74.89000000000001
529,0_3800,0,0,0,3800,2019,,0.0,0.0
530,135_3100,1097,282,135,3100,2019,0.2570647219690063,2.8200000000000007,10.970000000000002
531,90_1800,6895,1,90,1800,2019,0.0001450326323422,0.01,68.95000000000002
532,270_1500,50205,0,270,1500,2019,0.0,0.0,502.0500000000001
533,270_3800,3,0,270,3800,2019,0.0,0.0,0.03
534,90_3300,543,250,90,3300,2019,0.4604051565377532,2.5000000000000004,5.4300000000000015
535,0_3000,1980,777,0,3000,2019,0.3924242424242424,7.770000000000001,19.800000000000004
536,315_3600,16,4,315,3600,2019,0.25,0.04,0.16
537,270_3000,1616,287,270,3000,2019,0.1775990099009901,2.870000000000001,16.160000000000004
538,45_4000,0,0,45,4000,2019,,0.0,0.0
539,225_4500,0,0,225,4500,2019,,0.0,0.0
540,225_2200,4853,1,225,2200,2019,0.0002060581083865,0.01,48.53000000000001
541,45_2900,2271,394,45,2900,2019,0.1734918538088947,3.940000000000001,22.710000000000004
542,180_3000,1313,110,180,3000,2019,0.0837776085300837,1.1000000000000003,13.130000000000004
543,0_2500,4419,7,0,2500,2019,0.0015840687938447,0.07,44.19000000000001
544,180_1500,59986,0,180,1500,2019,0.0,0.0,599.8600000000001
545,180_3800,0,0,180,3800,2019,,0.0,0.0
546,0_4000,0,0,0,4000,2019,,0.0,0.0
547,90_2600,3965,9,90,2600,2019,0.0022698612862547,0.09,39.650000000000006
548,135_2200,5791,0,135,2200,2019,0.0,0.0,57.91000000000001
549,135_4500,0,0,135,4500,2019,,0.0,0.0
550,270_2900,2202,133,270,2900,2019,0.0603996366939146,1.3300000000000003,22.020000000000003
551,225_3600,9,0,225,3600,2019,0.0,0.0,0.09
552,45_3200,931,508,45,3200,2019,0.5456498388829216,5.080000000000001,9.310000000000002
553,315_2700,3813,33,315,2700,2019,0.008654602675059,0.33,38.13000000000001
554,270_2100,6600,0,270,2100,2019,0.0,0.0,66.00000000000001
555,315_1600,8359,0,315,1600,2019,0.0,0.0,83.59000000000002
556,45_1700,6635,0,45,1700,2019,0.0,0.0,66.35000000000001
557,0_3700,6,4,0,3700,2019,0.6666666666666666,0.04,0.06
558,180_2700,2778,10,180,2700,2019,0.0035997120230381,0.1,27.780000000000005
559,135_1900,6908,0,135,1900,2019,0.0,0.0,69.08000000000001
560,270_1800,7185,1,270,1800,2019,0.0001391788448155,0.01,71.85000000000001
561,225_4000,0,0,225,4000,2019,,0.0,0.0
562,90_1500,49138,0,90,1500,2019,0.0,0.0,491.3800000000001
563,90_3800,1,1,90,3800,2019,1.0,0.01,0.01
564,315_3100,1502,626,315,3100,2019,0.4167776298268975,6.260000000000002,15.020000000000003
565,135_3400,178,62,135,3400,2019,0.348314606741573,0.6200000000000001,1.7800000000000002
566,225_2500,4185,2,225,2500,2019,0.0004778972520908,0.02,41.85000000000001
567,270_3300,477,225,270,3300,2019,0.4716981132075472,2.2500000000000004,4.770000000000001
568,45_2000,6015,0,45,2000,2019,0.0,0.0,60.15000000000001
569,90_3000,1535,247,90,3000,2019,0.1609120521172638,2.4700000000000006,15.350000000000003
570,315_3900,0,0,315,3900,2019,,0.0,0.0
571,45_2800,2875,235,45,2800,2019,0.0817391304347826,2.3500000000000005,28.750000000000007
572,135_2900,1850,72,135,2900,2019,0.0389189189189189,0.7200000000000002,18.500000000000004
573,0_2400,4887,1,0,2400,2019,0.0002046245140167,0.01,48.87000000000001
574,180_3700,3,1,180,3700,2019,0.3333333333333333,0.01,0.03
575,135_2100,5999,0,135,2100,2019,0.0,0.0,59.99000000000001
576,90_2700,3181,27,90,2700,2019,0.0084878968877711,0.2700000000000001,31.81000000000001
577,270_2800,2817,56,270,2800,2019,0.0198793042243521,0.56,28.170000000000005
578,225_3500,59,23,225,3500,2019,0.3898305084745763,0.23,0.5900000000000001
579,45_3100,1432,636,45,3100,2019,0.4441340782122905,6.360000000000001,14.320000000000002
580,315_2600,4238,5,315,2600,2019,0.0011798017932987,0.05,42.38000000000001
581,270_2000,6859,0,270,2000,2019,0.0,0.0,68.59000000000002
582,315_1500,64359,0,315,1500,2019,0.0,0.0,643.5900000000001
583,45_3900,0,0,45,3900,2019,,0.0,0.0
584,45_1600,6683,0,45,1600,2019,0.0,0.0,66.83000000000001
585,135_1800,7094,1,135,1800,2019,0.0001409641950944,0.01,70.94000000000001
586,0_3600,13,9,0,3600,2019,0.6923076923076923,0.09,0.13
587,180_2600,3292,2,180,2600,2019,0.0006075334143377,0.02,32.92000000000001
588,90_1600,6756,0,90,1600,2019,0.0,0.0,67.56000000000002
589,90_3900,0,0,90,3900,2019,,0.0,0.0
590,270_1700,7112,0,270,1700,2019,0.0,0.0,71.12000000000002
591,315_3000,1956,507,315,3000,2019,0.25920245398773,5.070000000000001,19.56
592,135_3300,415,166,135,3300,2019,0.4,1.6600000000000004,4.150000000000001
593,90_3100,1274,417,90,3100,2019,0.3273155416012558,4.170000000000001,12.740000000000002
594,225_2400,4290,0,225,2400,2019,0.0,0.0,42.900000000000006
595,315_3800,0,0,315,3800,2019,,0.0,0.0
596,270_3200,827,337,270,3200,2019,0.407496977025393,3.370000000000001,8.270000000000001
597,180_3200,694,177,180,3200,2019,0.255043227665706,1.7700000000000002,6.940000000000001
598,0_2300,5476,2,0,2300,2019,0.0003652300949598,0.02,54.76000000000001
599,180_1700,6925,0,180,1700,2019,0.0,0.0,69.25000000000001
600,225_3000,1344,113,225,3000,2019,0.0840773809523809,1.13,13.440000000000005
601,90_2400,5069,4,90,2400,2019,0.0007891102781613,0.04,50.69000000000001
602,135_2400,4815,0,135,2400,2019,0.0,0.0,48.15000000000001
603,315_2100,6963,0,315,2100,2019,0.0,0.0,69.63000000000001
604,45_3400,235,127,45,3400,2019,0.5404255319148936,1.2700000000000002,2.3500000000000005
605,270_2300,6233,1,270,2300,2019,0.0001604363869725,0.01,62.33000000000001
606,225_1500,46006,0,225,1500,2019,0.0,0.0,460.0600000000001
607,225_3800,0,0,225,3800,2019,,0.0,0.0
608,315_2900,2481,280,315,2900,2019,0.1128577186618299,2.8000000000000007,24.81000000000001
609,315_1800,7739,0,315,1800,2019,0.0,0.0,77.39000000000001
610,45_1900,6281,0,45,1900,2019,0.0,0.0,62.81000000000001
611,180_2100,5619,1,180,2100,2019,0.0001779676098949,0.01,56.19000000000001
612,0_3500,70,33,0,3500,2019,0.4714285714285714,0.33,0.7000000000000002
613,180_2900,1697,43,180,2900,2019,0.0253388332351208,0.4300000000000001,16.970000000000002
614,90_3600,16,7,90,3600,2019,0.4375,0.07,0.16
615,135_3600,7,2,135,3600,2019,0.2857142857142857,0.02,0.07
616,45_4500,0,0,45,4500,2019,,0.0,0.0
617,315_3300,603,319,315,3300,2019,0.5290215588723052,3.190000000000001,6.030000000000001
618,45_2200,5592,0,45,2200,2019,0.0,0.0,55.92000000000001
619,225_2700,3236,7,225,2700,2019,0.0021631644004944,0.07,32.36000000000001
620,270_3500,50,17,270,3500,2019,0.34,0.17,0.5000000000000001
621,180_3100,939,152,180,3100,2019,0.161874334398296,1.5200000000000002,9.390000000000002
622,180_1600,7358,0,180,1600,2019,0.0,0.0,73.58000000000001
623,0_4500,0,0,0,4500,2019,,0.0,0.0
624,180_3900,0,0,180,3900,2019,,0.0,0.0
625,0_2200,5614,0,0,2200,2019,0.0,0.0,56.14000000000001
626,90_2500,4447,2,90,2500,2019,0.0004497413986957,0.02,44.470000000000006
627,315_2000,7244,0,315,2000,2019,0.0,0.0,72.44000000000001
628,135_2300,5492,1,135,2300,2019,0.0001820830298616,0.01,54.92000000000001
629,270_2200,6373,0,270,2200,2019,0.0,0.0,63.73000000000001
630,270_4500,0,0,270,4500,2019,,0.0,0.0
631,45_3300,524,260,45,3300,2019,0.4961832061068702,2.6000000000000005,5.240000000000001
632,90_4000,0,0,90,4000,2019,,0.0,0.0
633,225_3700,2,0,225,3700,2019,0.0,0.0,0.02
634,315_2800,3213,144,315,2800,2019,0.0448179271708683,1.4400000000000004,32.13000000000001
635,315_1700,8090,0,315,1700,2019,0.0,0.0,80.90000000000002
636,45_1800,6573,0,45,1800,2019,0.0,0.0,65.73000000000002
637,180_2000,6074,0,180,2000,2019,0.0,0.0,60.74000000000001
638,0_3400,245,129,0,3400,2019,0.5265306122448979,1.2900000000000005,2.4500000000000006
639,0_1900,6671,0,0,1900,2019,0.0,0.0,66.71000000000001
640,180_2800,2162,18,180,2800,2019,0.0083256244218316,0.18,21.620000000000005
641,90_3700,7,3,90,3700,2019,0.4285714285714285,0.03,0.07
642,135_3500,60,30,135,3500,2019,0.5,0.3,0.6000000000000001
643,270_1900,7123,0,270,1900,2019,0.0,0.0,71.23000000000002
644,315_3200,1001,490,315,3200,2019,0.4895104895104895,4.900000000000001,10.010000000000002
645,270_3400,189,83,270,3400,2019,0.4391534391534391,0.8300000000000002,1.8900000000000003
646,45_2100,5815,0,45,2100,2019,0.0,0.0,58.15000000000001
647,225_2600,3790,3,225,2600,2019,0.0007915567282321,0.03,37.900000000000006
648,225_1700,5538,0,225,1700,2020,0.0,0.0,55.38000000000001
649,45_2500,4676,4,45,2500,2020,0.0008554319931565,0.04,46.76000000000001
650,180_3400,166,48,180,3400,2020,0.2891566265060241,0.4800000000000001,1.6600000000000004
651,135_2600,3802,0,135,2600,2020,0.0,0.0,38.02000000000001
652,0_2900,2531,586,0,2900,2020,0.2315290399051758,5.860000000000001,25.31000000000001
653,180_1900,6190,0,180,1900,2020,0.0,0.0,61.90000000000001
654,0_2100,6027,0,0,2100,2020,0.0,0.0,60.27000000000001
655,90_2200,6087,0,90,2200,2020,0.0,0.0,60.87000000000001
656,90_4500,0,0,90,4500,2020,,0.0,0.0
657,315_2300,6179,0,315,2300,2020,0.0,0.0,61.79000000000001
658,270_2500,5218,0,270,2500,2020,0.0,0.0,52.18000000000001
659,225_3200,634,133,225,3200,2020,0.2097791798107255,1.3300000000000003,6.340000000000002
660,270_4000,0,0,270,4000,2020,,0.0,0.0
661,225_2900,1838,18,225,2900,2020,0.0097932535364526,0.18,18.380000000000003
662,180_2300,4910,0,180,2300,2020,0.0,0.0,49.10000000000001
663,45_3600,9,7,45,3600,2020,0.7777777777777778,0.07,0.09
664,135_1500,59259,0,135,1500,2020,0.0,0.0,592.5900000000001
665,135_3800,1,0,135,3800,2020,0.0,0.0,0.01
666,0_1800,6962,0,0,1800,2020,0.0,0.0,69.62000000000002
667,90_1900,6982,0,90,1900,2020,0.0,0.0,69.82000000000001
668,135_3000,1384,72,135,3000,2020,0.0520231213872832,0.7200000000000002,13.840000000000003
669,0_3300,586,380,0,3300,2020,0.6484641638225256,3.8000000000000007,5.860000000000001
670,270_3700,5,3,270,3700,2020,0.6,0.03,0.05
671,90_3400,206,122,90,3400,2020,0.5922330097087378,1.2200000000000002,2.0600000000000005
672,315_3500,72,54,315,3500,2020,0.75,0.5400000000000001,0.7200000000000002
673,225_2100,4810,0,225,2100,2020,0.0,0.0,48.10000000000001
674,225_3900,0,0,225,3900,2020,,0.0,0.0
675,45_2400,4792,2,45,2400,2020,0.0004173622704507,0.02,47.92000000000001
676,180_3300,429,124,180,3300,2020,0.289044289044289,1.2400000000000002,4.290000000000001
677,180_1800,6640,0,180,1800,2020,0.0,0.0,66.40000000000002
678,0_2800,3238,289,0,2800,2020,0.0892526250772081,2.890000000000001,32.38000000000001
679,135_4000,0,0,135,4000,2020,,0.0,0.0
680,135_2500,4361,3,135,2500,2020,0.0006879156156844,0.03,43.61000000000001
681,0_2000,6474,0,0,2000,2020,0.0,0.0,64.74000000000001
682,90_2300,5643,1,90,2300,2020,0.0001772107035264,0.01,56.430000000000014
683,315_2200,6775,0,315,2200,2020,0.0,0.0,67.75000000000001
684,315_4500,0,0,315,4500,2020,,0.0,0.0
685,270_2400,5870,0,270,2400,2020,0.0,0.0,58.70000000000001
686,225_1600,5779,0,225,1600,2020,0.0,0.0,57.79000000000001
687,225_3100,1007,152,225,3100,2020,0.1509433962264151,1.5200000000000002,10.070000000000002
688,225_2800,2465,4,225,2800,2020,0.0016227180527383,0.04,24.65000000000001
689,180_4500,0,0,180,4500,2020,,0.0,0.0
690,180_2200,5159,0,180,2200,2020,0.0,0.0,51.59000000000001
691,45_3500,63,35,45,3500,2020,0.5555555555555556,0.3500000000000001,0.6300000000000001
692,135_3700,5,5,135,3700,2020,1.0,0.05,0.05
693,0_1700,7320,0,0,1700,2020,0.0,0.0,73.20000000000002
694,90_3500,64,42,90,3500,2020,0.65625,0.4200000000000001,0.6400000000000001
695,0_3200,1035,700,0,3200,2020,0.6763285024154589,7.000000000000002,10.35
696,45_2300,5331,0,45,2300,2020,0.0,0.0,53.31000000000001
697,315_3400,228,140,315,3400,2020,0.6140350877192983,1.4000000000000004,2.28
698,270_3600,6,3,270,3600,2020,0.5,0.03,0.06
699,225_2000,4969,0,225,2000,2020,0.0,0.0,49.69000000000001
700,315_1900,7684,0,315,1900,2020,0.0,0.0,76.84000000000002
701,45_2700,3600,46,45,2700,2020,0.0127777777777777,0.4600000000000001,36.00000000000001
702,225_1900,5318,0,225,1900,2020,0.0,0.0,53.18000000000001
703,135_2800,2477,6,135,2800,2020,0.0024222850222042,0.06,24.770000000000003
704,180_3600,14,3,180,3600,2020,0.2142857142857142,0.03,0.14
705,0_2700,3882,65,0,2700,2020,0.0167439464193714,0.6500000000000001,38.82000000000001
706,135_2000,6408,0,135,2000,2020,0.0,0.0,64.08000000000001
707,90_2800,2628,24,90,2800,2020,0.0091324200913242,0.24,26.280000000000005
708,270_2700,3510,4,270,2700,2020,0.0011396011396011,0.04,35.10000000000001
709,315_4000,0,0,315,4000,2020,,0.0,0.0
710,90_2000,6674,0,90,2000,2020,0.0,0.0,66.74000000000001
711,315_2500,4876,1,315,2500,2020,0.0002050861361771,0.01,48.76000000000001
712,45_3000,1749,534,45,3000,2020,0.3053173241852487,5.340000000000001,17.490000000000002
713,225_3400,187,39,225,3400,2020,0.2085561497326203,0.39,1.8700000000000003
714,180_4000,0,0,180,4000,2020,,0.0,0.0
715,45_1500,51439,0,45,1500,2020,0.0,0.0,514.3900000000001
716,45_3800,0,0,45,3800,2020,,0.0,0.0
717,135_1700,7230,0,135,1700,2020,0.0,0.0,72.30000000000001
718,180_2500,3733,0,180,2500,2020,0.0,0.0,37.330000000000005
719,0_1600,7916,0,0,1600,2020,0.0,0.0,79.16000000000001
720,0_3900,0,0,0,3900,2020,,0.0,0.0
721,135_3200,775,288,135,3200,2020,0.3716129032258065,2.880000000000001,7.750000000000002
722,270_1600,6992,0,270,1600,2020,0.0,0.0,69.92000000000002
723,90_1700,6826,0,90,1700,2020,0.0,0.0,68.26000000000002
724,0_3100,1406,836,0,3100,2020,0.5945945945945946,8.360000000000001,14.060000000000002
725,270_3900,0,0,270,3900,2020,,0.0,0.0
726,90_3200,897,414,90,3200,2020,0.4615384615384615,4.140000000000001,8.970000000000002
727,315_3700,5,4,315,3700,2020,0.8,0.04,0.05
728,225_2300,4678,0,225,2300,2020,0.0,0.0,46.78000000000001
729,270_3100,1147,348,270,3100,2020,0.3034001743679163,3.480000000000001,11.470000000000002
730,225_1800,5458,0,225,1800,2020,0.0,0.0,54.58000000000001
731,45_2600,4047,10,45,2600,2020,0.0024709661477637,0.1,40.470000000000006
732,0_2600,4177,11,0,2600,2020,0.0026334689968877,0.11,41.77000000000001
733,180_3500,59,26,180,3500,2020,0.4406779661016949,0.26,0.5900000000000001
734,135_2700,3038,2,135,2700,2020,0.0006583278472679,0.02,30.38000000000001
735,90_2900,2018,93,90,2900,2020,0.0460852329038652,0.9300000000000002,20.180000000000003
736,270_2600,4549,0,270,2600,2020,0.0,0.0,45.49000000000001
737,90_2100,6391,0,90,2100,2020,0.0,0.0,63.91000000000001
738,315_2400,5516,1,315,2400,2020,0.0001812907904278,0.01,55.16000000000001
739,225_3300,369,94,225,3300,2020,0.2547425474254742,0.9400000000000002,3.690000000000001
740,45_3700,2,1,45,3700,2020,0.5,0.01,0.02
741,0_1500,65981,0,0,1500,2020,0.0,0.0,659.8100000000002
742,180_2400,4275,0,180,2400,2020,0.0,0.0,42.75000000000001
743,135_3900,0,0,135,3900,2020,,0.0,0.0
744,135_1600,7489,0,135,1600,2020,0.0,0.0,74.89000000000001
745,0_3800,0,0,0,3800,2020,,0.0,0.0
746,135_3100,1097,228,135,3100,2020,0.2078395624430264,2.28,10.970000000000002
747,90_1800,6895,0,90,1800,2020,0.0,0.0,68.95000000000002
748,270_1500,50205,0,270,1500,2020,0.0,0.0,502.0500000000001
749,270_3800,3,3,270,3800,2020,1.0,0.03,0.03
750,90_3300,543,268,90,3300,2020,0.4935543278084714,2.6800000000000006,5.4300000000000015
751,0_3000,1980,843,0,3000,2020,0.4257575757575758,8.430000000000001,19.800000000000004
752,315_3600,16,12,315,3600,2020,0.75,0.12,0.16
753,270_3000,1616,278,270,3000,2020,0.172029702970297,2.7800000000000007,16.160000000000004
754,45_4000,0,0,45,4000,2020,,0.0,0.0
755,225_4500,0,0,225,4500,2020,,0.0,0.0
756,225_2200,4853,0,225,2200,2020,0.0,0.0,48.53000000000001
757,45_2900,2271,368,45,2900,2020,0.162043152796125,3.6800000000000006,22.710000000000004
758,180_3000,1313,88,180,3000,2020,0.067022086824067,0.8800000000000001,13.130000000000004
759,0_2500,4419,6,0,2500,2020,0.0013577732518669,0.06,44.19000000000001
760,180_1500,59986,0,180,1500,2020,0.0,0.0,599.8600000000001
761,180_3800,0,0,180,3800,2020,,0.0,0.0
762,0_4000,0,0,0,4000,2020,,0.0,0.0
763,90_2600,3965,6,90,2600,2020,0.0015132408575031,0.06,39.650000000000006
764,135_2200,5791,0,135,2200,2020,0.0,0.0,57.91000000000001
765,135_4500,0,0,135,4500,2020,,0.0,0.0
766,270_2900,2202,105,270,2900,2020,0.047683923705722,1.0500000000000005,22.020000000000003
767,225_3600,9,1,225,3600,2020,0.1111111111111111,0.01,0.09
768,45_3200,931,558,45,3200,2020,0.5993555316863588,5.580000000000001,9.310000000000002
769,315_2700,3813,18,315,2700,2020,0.004720692368214,0.18,38.13000000000001
770,270_2100,6600,0,270,2100,2020,0.0,0.0,66.00000000000001
771,315_1600,8359,0,315,1600,2020,0.0,0.0,83.59000000000002
772,45_1700,6635,0,45,1700,2020,0.0,0.0,66.35000000000001
773,0_3700,6,6,0,3700,2020,1.0,0.06,0.06
774,180_2700,2778,1,180,2700,2020,0.0003599712023038,0.01,27.780000000000005
775,135_1900,6908,0,135,1900,2020,0.0,0.0,69.08000000000001
776,270_1800,7185,0,270,1800,2020,0.0,0.0,71.85000000000001
777,225_4000,0,0,225,4000,2020,,0.0,0.0
778,90_1500,49138,0,90,1500,2020,0.0,0.0,491.3800000000001
779,90_3800,1,1,90,3800,2020,1.0,0.01,0.01
780,315_3100,1502,705,315,3100,2020,0.4693741677762982,7.050000000000002,15.020000000000003
781,135_3400,178,63,135,3400,2020,0.3539325842696629,0.6300000000000001,1.7800000000000002
782,225_2500,4185,0,225,2500,2020,0.0,0.0,41.85000000000001
783,270_3300,477,227,270,3300,2020,0.4758909853249476,2.2700000000000005,4.770000000000001
784,45_2000,6015,0,45,2000,2020,0.0,0.0,60.15000000000001
785,90_3000,1535,234,90,3000,2020,0.152442996742671,2.3400000000000003,15.350000000000003
786,315_3900,0,0,315,3900,2020,,0.0,0.0
787,45_2800,2875,160,45,2800,2020,0.0556521739130434,1.6000000000000003,28.750000000000007
788,135_2900,1850,39,135,2900,2020,0.021081081081081,0.39,18.500000000000004
789,0_2400,4887,1,0,2400,2020,0.0002046245140167,0.01,48.87000000000001
790,180_3700,3,1,180,3700,2020,0.3333333333333333,0.01,0.03
791,135_2100,5999,0,135,2100,2020,0.0,0.0,59.99000000000001
792,90_2700,3181,16,90,2700,2020,0.0050298648223828,0.16,31.81000000000001
793,270_2800,2817,18,270,2800,2020,0.0063897763578274,0.18,28.170000000000005
794,225_3500,59,24,225,3500,2020,0.4067796610169492,0.24,0.5900000000000001
795,45_3100,1432,680,45,3100,2020,0.4748603351955307,6.800000000000002,14.320000000000002
796,315_2600,4238,4,315,2600,2020,0.0009438414346389,0.04,42.38000000000001
797,270_2000,6859,0,270,2000,2020,0.0,0.0,68.59000000000002
798,315_1500,64359,1,315,1500,2020,1.5537842415202226e-05,0.01,643.5900000000001
799,45_3900,0,0,45,3900,2020,,0.0,0.0
800,45_1600,6683,0,45,1600,2020,0.0,0.0,66.83000000000001
801,135_1800,7094,0,135,1800,2020,0.0,0.0,70.94000000000001
802,0_3600,13,13,0,3600,2020,1.0,0.13,0.13
803,180_2600,3292,1,180,2600,2020,0.0003037667071688,0.01,32.92000000000001
804,90_1600,6756,0,90,1600,2020,0.0,0.0,67.56000000000002
805,90_3900,0,0,90,3900,2020,,0.0,0.0
806,270_1700,7112,0,270,1700,2020,0.0,0.0,71.12000000000002
807,315_3000,1956,561,315,3000,2020,0.2868098159509202,5.610000000000001,19.56
808,135_3300,415,162,135,3300,2020,0.3903614457831325,1.6200000000000003,4.150000000000001
809,90_3100,1274,415,90,3100,2020,0.32574568288854,4.150000000000001,12.740000000000002
810,225_2400,4290,0,225,2400,2020,0.0,0.0,42.900000000000006
811,315_3800,0,0,315,3800,2020,,0.0,0.0
812,270_3200,827,333,270,3200,2020,0.4026602176541717,3.3300000000000005,8.270000000000001
813,180_3200,694,166,180,3200,2020,0.239193083573487,1.6600000000000004,6.940000000000001
814,0_2300,5476,1,0,2300,2020,0.0001826150474799,0.01,54.76000000000001
815,180_1700,6925,0,180,1700,2020,0.0,0.0,69.25000000000001
816,225_3000,1344,82,225,3000,2020,0.0610119047619047,0.8200000000000002,13.440000000000005
817,90_2400,5069,1,90,2400,2020,0.0001972775695403,0.01,50.69000000000001
818,135_2400,4815,0,135,2400,2020,0.0,0.0,48.15000000000001
819,315_2100,6963,0,315,2100,2020,0.0,0.0,69.63000000000001
820,45_3400,235,144,45,3400,2020,0.6127659574468085,1.4400000000000004,2.3500000000000005
821,270_2300,6233,0,270,2300,2020,0.0,0.0,62.33000000000001
822,225_1500,46006,0,225,1500,2020,0.0,0.0,460.0600000000001
823,225_3800,0,0,225,3800,2020,,0.0,0.0
824,315_2900,2481,272,315,2900,2020,0.109633212414349,2.7200000000000006,24.81000000000001
825,315_1800,7739,0,315,1800,2020,0.0,0.0,77.39000000000001
826,45_1900,6281,0,45,1900,2020,0.0,0.0,62.81000000000001
827,180_2100,5619,0,180,2100,2020,0.0,0.0,56.19000000000001
828,0_3500,70,47,0,3500,2020,0.6714285714285714,0.4700000000000001,0.7000000000000002
829,180_2900,1697,17,180,2900,2020,0.0100176782557454,0.17,16.970000000000002
830,90_3600,16,7,90,3600,2020,0.4375,0.07,0.16
831,135_3600,7,2,135,3600,2020,0.2857142857142857,0.02,0.07
832,45_4500,0,0,45,4500,2020,,0.0,0.0
833,315_3300,603,370,315,3300,2020,0.6135986733001658,3.7000000000000006,6.030000000000001
834,45_2200,5592,0,45,2200,2020,0.0,0.0,55.92000000000001
835,225_2700,3236,5,225,2700,2020,0.0015451174289245,0.05,32.36000000000001
836,270_3500,50,21,270,3500,2020,0.42,0.21,0.5000000000000001
837,180_3100,939,130,180,3100,2020,0.1384451544195953,1.3000000000000005,9.390000000000002
838,180_1600,7358,0,180,1600,2020,0.0,0.0,73.58000000000001
839,0_4500,0,0,0,4500,2020,,0.0,0.0
840,180_3900,0,0,180,3900,2020,,0.0,0.0
841,0_2200,5614,0,0,2200,2020,0.0,0.0,56.14000000000001
842,90_2500,4447,1,90,2500,2020,0.0002248706993478,0.01,44.470000000000006
843,315_2000,7244,0,315,2000,2020,0.0,0.0,72.44000000000001
844,135_2300,5492,1,135,2300,2020,0.0001820830298616,0.01,54.92000000000001
845,270_2200,6373,0,270,2200,2020,0.0,0.0,63.73000000000001
846,270_4500,0,0,270,4500,2020,,0.0,0.0
847,45_3300,524,290,45,3300,2020,0.5534351145038168,2.9000000000000004,5.240000000000001
848,90_4000,0,0,90,4000,2020,,0.0,0.0
849,225_3700,2,0,225,3700,2020,0.0,0.0,0.02
850,315_2800,3213,103,315,2800,2020,0.032057267351385,1.0300000000000002,32.13000000000001
851,315_1700,8090,0,315,1700,2020,0.0,0.0,80.90000000000002
852,45_1800,6573,0,45,1800,2020,0.0,0.0,65.73000000000002
853,180_2000,6074,0,180,2000,2020,0.0,0.0,60.74000000000001
854,0_3400,245,166,0,3400,2020,0.6775510204081633,1.6600000000000004,2.4500000000000006
855,0_1900,6671,0,0,1900,2020,0.0,0.0,66.71000000000001
856,180_2800,2162,2,180,2800,2020,0.0009250693802035,0.02,21.620000000000005
857,90_3700,7,3,90,3700,2020,0.4285714285714285,0.03,0.07
858,135_3500,60,35,135,3500,2020,0.5833333333333334,0.3500000000000001,0.6000000000000001
859,270_1900,7123,0,270,1900,2020,0.0,0.0,71.23000000000002
860,315_3200,1001,554,315,3200,2020,0.5534465534465535,5.540000000000001,10.010000000000002
861,270_3400,189,89,270,3400,2020,0.4708994708994709,0.8900000000000001,1.8900000000000003
862,45_2100,5815,0,45,2100,2020,0.0,0.0,58.15000000000001
863,225_2600,3790,0,225,2600,2020,0.0,0.0,37.900000000000006
864,225_1700,5538,0,225,1700,2021,0.0,0.0,55.38000000000001
865,45_2500,4676,3,45,2500,2021,0.0006415739948674,0.03,46.76000000000001
866,180_3400,166,53,180,3400,2021,0.3192771084337349,0.5300000000000001,1.6600000000000004
867,135_2600,3802,1,135,2600,2021,0.0002630194634402,0.01,38.02000000000001
868,0_2900,2531,559,0,2900,2021,0.2208613196365073,5.590000000000001,25.31000000000001
869,180_1900,6190,0,180,1900,2021,0.0,0.0,61.90000000000001
870,0_2100,6027,0,0,2100,2021,0.0,0.0,60.27000000000001
871,90_2200,6087,0,90,2200,2021,0.0,0.0,60.87000000000001
872,90_4500,0,0,90,4500,2021,,0.0,0.0
873,315_2300,6179,0,315,2300,2021,0.0,0.0,61.79000000000001
874,270_2500,5218,0,270,2500,2021,0.0,0.0,52.18000000000001
875,225_3200,634,158,225,3200,2021,0.2492113564668769,1.5800000000000003,6.340000000000002
876,270_4000,0,0,270,4000,2021,,0.0,0.0
877,225_2900,1838,32,225,2900,2021,0.0174102285092491,0.32,18.380000000000003
878,180_2300,4910,0,180,2300,2021,0.0,0.0,49.10000000000001
879,45_3600,9,7,45,3600,2021,0.7777777777777778,0.07,0.09
880,135_1500,59259,0,135,1500,2021,0.0,0.0,592.5900000000001
881,135_3800,1,0,135,3800,2021,0.0,0.0,0.01
882,0_1800,6962,0,0,1800,2021,0.0,0.0,69.62000000000002
883,90_1900,6982,0,90,1900,2021,0.0,0.0,69.82000000000001
884,135_3000,1384,86,135,3000,2021,0.0621387283236994,0.8600000000000002,13.840000000000003
885,0_3300,586,378,0,3300,2021,0.6450511945392492,3.7800000000000007,5.860000000000001
886,270_3700,5,3,270,3700,2021,0.6,0.03,0.05
887,90_3400,206,123,90,3400,2021,0.5970873786407767,1.2300000000000002,2.0600000000000005
888,315_3500,72,48,315,3500,2021,0.6666666666666666,0.4800000000000001,0.7200000000000002
889,225_2100,4810,0,225,2100,2021,0.0,0.0,48.10000000000001
890,225_3900,0,0,225,3900,2021,,0.0,0.0
891,45_2400,4792,2,45,2400,2021,0.0004173622704507,0.02,47.92000000000001
892,180_3300,429,143,180,3300,2021,0.3333333333333333,1.4300000000000004,4.290000000000001
893,180_1800,6640,0,180,1800,2021,0.0,0.0,66.40000000000002
894,0_2800,3238,329,0,2800,2021,0.1016059295861643,3.2900000000000005,32.38000000000001
895,135_4000,0,0,135,4000,2021,,0.0,0.0
896,135_2500,4361,2,135,2500,2021,0.0004586104104563,0.02,43.61000000000001
897,0_2000,6474,0,0,2000,2021,0.0,0.0,64.74000000000001
898,90_2300,5643,0,90,2300,2021,0.0,0.0,56.430000000000014
899,315_2200,6775,0,315,2200,2021,0.0,0.0,67.75000000000001
900,315_4500,0,0,315,4500,2021,,0.0,0.0
901,270_2400,5870,0,270,2400,2021,0.0,0.0,58.70000000000001
902,225_1600,5779,0,225,1600,2021,0.0,0.0,57.79000000000001
903,225_3100,1007,191,225,3100,2021,0.1896722939424031,1.9100000000000004,10.070000000000002
904,225_2800,2465,10,225,2800,2021,0.0040567951318458,0.1,24.65000000000001
905,180_4500,0,0,180,4500,2021,,0.0,0.0
906,180_2200,5159,0,180,2200,2021,0.0,0.0,51.59000000000001
907,45_3500,63,37,45,3500,2021,0.5873015873015873,0.37,0.6300000000000001
908,135_3700,5,5,135,3700,2021,1.0,0.05,0.05
909,0_1700,7320,0,0,1700,2021,0.0,0.0,73.20000000000002
910,90_3500,64,44,90,3500,2021,0.6875,0.44,0.6400000000000001
911,0_3200,1035,678,0,3200,2021,0.6550724637681159,6.780000000000001,10.35
912,45_2300,5331,0,45,2300,2021,0.0,0.0,53.31000000000001
913,315_3400,228,129,315,3400,2021,0.5657894736842105,1.2900000000000005,2.28
914,270_3600,6,3,270,3600,2021,0.5,0.03,0.06
915,225_2000,4969,0,225,2000,2021,0.0,0.0,49.69000000000001
916,315_1900,7684,0,315,1900,2021,0.0,0.0,76.84000000000002
917,45_2700,3600,68,45,2700,2021,0.0188888888888888,0.6800000000000002,36.00000000000001
918,225_1900,5318,0,225,1900,2021,0.0,0.0,53.18000000000001
919,135_2800,2477,14,135,2800,2021,0.0056519983851433,0.14,24.770000000000003
920,180_3600,14,4,180,3600,2021,0.2857142857142857,0.04,0.14
921,0_2700,3882,88,0,2700,2021,0.0226687274600721,0.8800000000000001,38.82000000000001
922,135_2000,6408,0,135,2000,2021,0.0,0.0,64.08000000000001
923,90_2800,2628,39,90,2800,2021,0.0148401826484018,0.39,26.280000000000005
924,270_2700,3510,14,270,2700,2021,0.0039886039886039,0.14,35.10000000000001
925,315_4000,0,0,315,4000,2021,,0.0,0.0
926,90_2000,6674,0,90,2000,2021,0.0,0.0,66.74000000000001
927,315_2500,4876,1,315,2500,2021,0.0002050861361771,0.01,48.76000000000001
928,45_3000,1749,539,45,3000,2021,0.3081761006289308,5.3900000000000015,17.490000000000002
929,225_3400,187,47,225,3400,2021,0.2513368983957219,0.4700000000000001,1.8700000000000003
930,180_4000,0,0,180,4000,2021,,0.0,0.0
931,45_1500,51439,0,45,1500,2021,0.0,0.0,514.3900000000001
932,45_3800,0,0,45,3800,2021,,0.0,0.0
933,135_1700,7230,0,135,1700,2021,0.0,0.0,72.30000000000001
934,180_2500,3733,0,180,2500,2021,0.0,0.0,37.330000000000005
935,0_1600,7916,0,0,1600,2021,0.0,0.0,79.16000000000001
936,0_3900,0,0,0,3900,2021,,0.0,0.0
937,135_3200,775,326,135,3200,2021,0.4206451612903226,3.2600000000000007,7.750000000000002
938,270_1600,6992,0,270,1600,2021,0.0,0.0,69.92000000000002
939,90_1700,6826,0,90,1700,2021,0.0,0.0,68.26000000000002
940,0_3100,1406,810,0,3100,2021,0.5761024182076814,8.100000000000001,14.060000000000002
941,270_3900,0,0,270,3900,2021,,0.0,0.0
942,90_3200,897,450,90,3200,2021,0.5016722408026756,4.500000000000001,8.970000000000002
943,315_3700,5,4,315,3700,2021,0.8,0.04,0.05
944,225_2300,4678,0,225,2300,2021,0.0,0.0,46.78000000000001
945,270_3100,1147,378,270,3100,2021,0.3295553618134263,3.7800000000000007,11.470000000000002
946,225_1800,5458,0,225,1800,2021,0.0,0.0,54.58000000000001
947,45_2600,4047,11,45,2600,2021,0.0027180627625401,0.11,40.470000000000006
948,0_2600,4177,14,0,2600,2021,0.0033516878142207,0.14,41.77000000000001
949,180_3500,59,32,180,3500,2021,0.5423728813559322,0.32,0.5900000000000001
950,135_2700,3038,5,135,2700,2021,0.0016458196181698,0.05,30.38000000000001
951,90_2900,2018,102,90,2900,2021,0.0505450941526263,1.0200000000000002,20.180000000000003
952,270_2600,4549,3,270,2600,2021,0.000659485601231,0.03,45.49000000000001
953,90_2100,6391,0,90,2100,2021,0.0,0.0,63.91000000000001
954,315_2400,5516,0,315,2400,2021,0.0,0.0,55.16000000000001
955,225_3300,369,110,225,3300,2021,0.2981029810298103,1.1000000000000003,3.690000000000001
956,45_3700,2,1,45,3700,2021,0.5,0.01,0.02
957,0_1500,65981,0,0,1500,2021,0.0,0.0,659.8100000000002
958,180_2400,4275,1,180,2400,2021,0.0002339181286549,0.01,42.75000000000001
959,135_3900,0,0,135,3900,2021,,0.0,0.0
960,135_1600,7489,0,135,1600,2021,0.0,0.0,74.89000000000001
961,0_3800,0,0,0,3800,2021,,0.0,0.0
962,135_3100,1097,261,135,3100,2021,0.2379216043755697,2.6100000000000003,10.970000000000002
963,90_1800,6895,0,90,1800,2021,0.0,0.0,68.95000000000002
964,270_1500,50205,0,270,1500,2021,0.0,0.0,502.0500000000001
965,270_3800,3,3,270,3800,2021,1.0,0.03,0.03
966,90_3300,543,291,90,3300,2021,0.5359116022099447,2.9100000000000006,5.4300000000000015
967,0_3000,1980,814,0,3000,2021,0.4111111111111111,8.140000000000002,19.800000000000004
968,315_3600,16,10,315,3600,2021,0.625,0.1,0.16
969,270_3000,1616,305,270,3000,2021,0.1887376237623762,3.0500000000000007,16.160000000000004
970,45_4000,0,0,45,4000,2021,,0.0,0.0
971,225_4500,0,0,225,4500,2021,,0.0,0.0
972,225_2200,4853,0,225,2200,2021,0.0,0.0,48.53000000000001
973,45_2900,2271,386,45,2900,2021,0.1699691765741963,3.8600000000000008,22.710000000000004
974,180_3000,1313,101,180,3000,2021,0.0769230769230769,1.0100000000000002,13.130000000000004
975,0_2500,4419,6,0,2500,2021,0.0013577732518669,0.06,44.19000000000001
976,180_1500,59986,0,180,1500,2021,0.0,0.0,599.8600000000001
977,180_3800,0,0,180,3800,2021,,0.0,0.0
978,0_4000,0,0,0,4000,2021,,0.0,0.0
979,90_2600,3965,6,90,2600,2021,0.0015132408575031,0.06,39.650000000000006
980,135_2200,5791,0,135,2200,2021,0.0,0.0,57.91000000000001
981,135_4500,0,0,135,4500,2021,,0.0,0.0
982,270_2900,2202,135,270,2900,2021,0.0613079019073569,1.3500000000000003,22.020000000000003
983,225_3600,9,1,225,3600,2021,0.1111111111111111,0.01,0.09
984,45_3200,931,556,45,3200,2021,0.5972073039742213,5.560000000000001,9.310000000000002
985,315_2700,3813,34,315,2700,2021,0.008916863362182,0.3400000000000001,38.13000000000001
986,270_2100,6600,0,270,2100,2021,0.0,0.0,66.00000000000001
987,315_1600,8359,0,315,1600,2021,0.0,0.0,83.59000000000002
988,45_1700,6635,0,45,1700,2021,0.0,0.0,66.35000000000001
989,0_3700,6,4,0,3700,2021,0.6666666666666666,0.04,0.06
990,180_2700,2778,2,180,2700,2021,0.0007199424046076,0.02,27.780000000000005
991,135_1900,6908,0,135,1900,2021,0.0,0.0,69.08000000000001
992,270_1800,7185,0,270,1800,2021,0.0,0.0,71.85000000000001
993,225_4000,0,0,225,4000,2021,,0.0,0.0
994,90_1500,49138,0,90,1500,2021,0.0,0.0,491.3800000000001
995,90_3800,1,0,90,3800,2021,0.0,0.0,0.01
996,315_3100,1502,678,315,3100,2021,0.4513981358189081,6.780000000000001,15.020000000000003
997,135_3400,178,65,135,3400,2021,0.3651685393258427,0.6500000000000001,1.7800000000000002
998,225_2500,4185,1,225,2500,2021,0.0002389486260454,0.01,41.85000000000001
999,270_3300,477,244,270,3300,2021,0.5115303983228512,2.4400000000000004,4.770000000000001
1000,45_2000,6015,0,45,2000,2021,0.0,0.0,60.15000000000001
1001,90_3000,1535,237,90,3000,2021,0.1543973941368078,2.370000000000001,15.350000000000003
1002,315_3900,0,0,315,3900,2021,,0.0,0.0
1003,45_2800,2875,190,45,2800,2021,0.0660869565217391,1.9000000000000004,28.750000000000007
1004,135_2900,1850,58,135,2900,2021,0.0313513513513513,0.5800000000000001,18.500000000000004
1005,0_2400,4887,0,0,2400,2021,0.0,0.0,48.87000000000001
1006,180_3700,3,1,180,3700,2021,0.3333333333333333,0.01,0.03
1007,135_2100,5999,0,135,2100,2021,0.0,0.0,59.99000000000001
1008,90_2700,3181,17,90,2700,2021,0.0053442313737818,0.17,31.81000000000001
1009,270_2800,2817,37,270,2800,2021,0.0131345402910898,0.37,28.170000000000005
1010,225_3500,59,21,225,3500,2021,0.3559322033898305,0.21,0.5900000000000001
1011,45_3100,1432,713,45,3100,2021,0.4979050279329609,7.130000000000002,14.320000000000002
1012,315_2600,4238,5,315,2600,2021,0.0011798017932987,0.05,42.38000000000001
1013,270_2000,6859,0,270,2000,2021,0.0,0.0,68.59000000000002
1014,315_1500,64359,0,315,1500,2021,0.0,0.0,643.5900000000001
1015,45_3900,0,0,45,3900,2021,,0.0,0.0
1016,45_1600,6683,0,45,1600,2021,0.0,0.0,66.83000000000001
1017,135_1800,7094,0,135,1800,2021,0.0,0.0,70.94000000000001
1018,0_3600,13,10,0,3600,2021,0.7692307692307693,0.1,0.13
1019,180_2600,3292,2,180,2600,2021,0.0006075334143377,0.02,32.92000000000001
1020,90_1600,6756,0,90,1600,2021,0.0,0.0,67.56000000000002
1021,90_3900,0,0,90,3900,2021,,0.0,0.0
1022,270_1700,7112,0,270,1700,2021,0.0,0.0,71.12000000000002
1023,315_3000,1956,555,315,3000,2021,0.2837423312883436,5.550000000000001,19.56
1024,135_3300,415,184,135,3300,2021,0.4433734939759036,1.8400000000000003,4.150000000000001
1025,90_3100,1274,449,90,3100,2021,0.3524332810047095,4.490000000000001,12.740000000000002
1026,225_2400,4290,1,225,2400,2021,0.0002331002331002,0.01,42.900000000000006
1027,315_3800,0,0,315,3800,2021,,0.0,0.0
1028,270_3200,827,374,270,3200,2021,0.4522370012091898,3.7400000000000007,8.270000000000001
1029,180_3200,694,183,180,3200,2021,0.2636887608069164,1.8300000000000003,6.940000000000001
1030,0_2300,5476,1,0,2300,2021,0.0001826150474799,0.01,54.76000000000001
1031,180_1700,6925,0,180,1700,2021,0.0,0.0,69.25000000000001
1032,225_3000,1344,102,225,3000,2021,0.0758928571428571,1.0200000000000002,13.440000000000005
1033,90_2400,5069,2,90,2400,2021,0.0003945551390806,0.02,50.69000000000001
1034,135_2400,4815,1,135,2400,2021,0.0002076843198338,0.01,48.15000000000001
1035,315_2100,6963,0,315,2100,2021,0.0,0.0,69.63000000000001
1036,45_3400,235,142,45,3400,2021,0.6042553191489362,1.4200000000000004,2.3500000000000005
1037,270_2300,6233,0,270,2300,2021,0.0,0.0,62.33000000000001
1038,225_1500,46006,0,225,1500,2021,0.0,0.0,460.0600000000001
1039,225_3800,0,0,225,3800,2021,,0.0,0.0
1040,315_2900,2481,293,315,2900,2021,0.1180975413139863,2.9300000000000006,24.81000000000001
1041,315_1800,7739,0,315,1800,2021,0.0,0.0,77.39000000000001
1042,45_1900,6281,0,45,1900,2021,0.0,0.0,62.81000000000001
1043,180_2100,5619,0,180,2100,2021,0.0,0.0,56.19000000000001
1044,0_3500,70,39,0,3500,2021,0.5571428571428572,0.39,0.7000000000000002
1045,180_2900,1697,25,180,2900,2021,0.0147318797878609,0.25,16.970000000000002
1046,90_3600,16,11,90,3600,2021,0.6875,0.11,0.16
1047,135_3600,7,3,135,3600,2021,0.4285714285714285,0.03,0.07
1048,45_4500,0,0,45,4500,2021,,0.0,0.0
1049,315_3300,603,348,315,3300,2021,0.5771144278606966,3.480000000000001,6.030000000000001
1050,45_2200,5592,0,45,2200,2021,0.0,0.0,55.92000000000001
1051,225_2700,3236,5,225,2700,2021,0.0015451174289245,0.05,32.36000000000001
1052,270_3500,50,21,270,3500,2021,0.42,0.21,0.5000000000000001
1053,180_3100,939,148,180,3100,2021,0.1576144834930777,1.4800000000000002,9.390000000000002
1054,180_1600,7358,0,180,1600,2021,0.0,0.0,73.58000000000001
1055,0_4500,0,0,0,4500,2021,,0.0,0.0
1056,180_3900,0,0,180,3900,2021,,0.0,0.0
1057,0_2200,5614,0,0,2200,2021,0.0,0.0,56.14000000000001
1058,90_2500,4447,0,90,2500,2021,0.0,0.0,44.470000000000006
1059,315_2000,7244,0,315,2000,2021,0.0,0.0,72.44000000000001
1060,135_2300,5492,2,135,2300,2021,0.0003641660597232,0.02,54.92000000000001
1061,270_2200,6373,0,270,2200,2021,0.0,0.0,63.73000000000001
1062,270_4500,0,0,270,4500,2021,,0.0,0.0
1063,45_3300,524,299,45,3300,2021,0.5706106870229007,2.9900000000000007,5.240000000000001
1064,90_4000,0,0,90,4000,2021,,0.0,0.0
1065,225_3700,2,0,225,3700,2021,0.0,0.0,0.02
1066,315_2800,3213,136,315,2800,2021,0.0423280423280423,1.3600000000000003,32.13000000000001
1067,315_1700,8090,0,315,1700,2021,0.0,0.0,80.90000000000002
1068,45_1800,6573,0,45,1800,2021,0.0,0.0,65.73000000000002
1069,180_2000,6074,0,180,2000,2021,0.0,0.0,60.74000000000001
1070,0_3400,245,151,0,3400,2021,0.6163265306122448,1.5100000000000002,2.4500000000000006
1071,0_1900,6671,0,0,1900,2021,0.0,0.0,66.71000000000001
1072,180_2800,2162,5,180,2800,2021,0.0023126734505087,0.05,21.620000000000005
1073,90_3700,7,4,90,3700,2021,0.5714285714285714,0.04,0.07
1074,135_3500,60,36,135,3500,2021,0.6,0.3600000000000001,0.6000000000000001
1075,270_1900,7123,0,270,1900,2021,0.0,0.0,71.23000000000002
1076,315_3200,1001,546,315,3200,2021,0.5454545454545454,5.460000000000001,10.010000000000002
1077,270_3400,189,92,270,3400,2021,0.4867724867724867,0.9200000000000002,1.8900000000000003
1078,45_2100,5815,0,45,2100,2021,0.0,0.0,58.15000000000001
1079,225_2600,3790,1,225,2600,2021,0.000263852242744,0.01,37.900000000000006
